{
  "accuracy": 0.8665,
  "precision": 0.876210979547901,
  "recall": 0.9777777777777777,
  "f1": 0.9242123190462674,
  "auroc": 0.8824812872574066
}